[  {    "type": "get",    "url": "/coupon/checkCoupon/:couponCode",    "title": "check coupon code validation",    "name": "check_coupon_code",    "sampleRequest": [      {        "url": "http://api.member.id:1337coupon/checkCoupon/:couponCode"      }    ],    "group": "Coupon",    "version": "1.0.0",    "success": {      "fields": {        "Success 200": [          {            "group": "Success 200",            "type": "<p>String</p> ",            "optional": false,            "field": "email",            "description": "<p>email of the Member.</p> "          },          {            "group": "Success 200",            "type": "<p>Boolean</p> ",            "optional": false,            "field": "isvalid",            "description": "<p>Status of the CouponCode.</p> "          },          {            "group": "Success 200",            "type": "<p>Number</p> ",            "optional": false,            "field": "value",            "description": "<p>value of the couponcode.</p> "          },          {            "group": "Success 200",            "type": "<p>String</p> ",            "optional": false,            "field": "type",            "description": "<p>type of value [percent and fixed].</p> "          },          {            "group": "Success 200",            "type": "<p>String</p> ",            "optional": false,            "field": "startdate",            "description": ""          },          {            "group": "Success 200",            "type": "<p>String</p> ",            "optional": false,            "field": "expiredate",            "description": ""          },          {            "group": "Success 200",            "type": "<p>String</p> ",            "optional": false,            "field": "productids",            "description": "<p>comma sparated product ids ('ALL' mean applicable for all products)</p> "          }        ]      }    },    "filename": "api/controllers/CouponController.js",    "groupTitle": "Coupon"  },  {    "type": "get",    "url": "/searchMember/:keyword",    "title": "Search member by keyword",    "name": "Search_member_by_keyword",    "sampleRequest": [      {        "url": "http://api.member.id:1337/v1/searchMember/Febby"      }    ],    "group": "Member",    "version": "1.0.0",    "parameter": {      "fields": {        "Parameter": [          {            "group": "Parameter",            "type": "<p>String</p> ",            "optional": false,            "field": "keyword",            "description": "<p>Keyword can be email, card number, etc.</p> "          }        ]      }    },    "success": {      "fields": {        "Success 200": [          {            "group": "Success 200",            "type": "<p>String</p> ",            "optional": false,            "field": "firstname",            "description": "<p>Firstname of the User.</p> "          },          {            "group": "Success 200",            "type": "<p>String</p> ",            "optional": false,            "field": "lastname",            "description": "<p>Lastname of the User.</p> "          },          {            "group": "Success 200",            "type": "<p>Boolean</p> ",            "optional": false,            "field": "status",            "description": "<p>Status of the User.</p> "          },          {            "group": "Success 200",            "type": "<p>String</p> ",            "optional": false,            "field": "email",            "description": "<p>Email of the User.</p> "          },          {            "group": "Success 200",            "type": "<p>Number</p> ",            "optional": false,            "field": "cardnumber",            "description": "<p>Card Number of the User.</p> "          },          {            "group": "Success 200",            "type": "<p>String</p> ",            "optional": false,            "field": "cardnumberdata",            "description": "<p>Card Number Data of the User.</p> "          },          {            "group": "Success 200",            "type": "<p>Number</p> ",            "optional": false,            "field": "points",            "description": "<p>Points of the User.</p> "          },          {            "group": "Success 200",            "type": "<p>Date</p> ",            "optional": false,            "field": "expiredate",            "description": "<p>Expire Date of the User.</p> "          },          {            "group": "Success 200",            "type": "<p>Boolean</p> ",            "optional": false,            "field": "active",            "description": "<p>Active of the User.</p> "          },          {            "group": "Success 200",            "type": "<p>String</p> ",            "optional": false,            "field": "membertype",            "description": "<p>Member type of the User.</p> "          },          {            "group": "Success 200",            "type": "<p>String</p> ",            "optional": false,            "field": "picture",            "description": "<p>Profile picture of the User.</p> "          }        ]      },      "examples": [        {          "title": "Success-Response:",          "content": "HTTP/1.1 200 OK\n{\n  \"firstname\": \"John\",\n   \"lastname\": \"Doe\"\n}",          "type": "json"        }      ]    },    "error": {      "examples": [        {          "title": "Error-Response:",          "content": "HTTP/1.1 200 OK\n {\"error\":\"true\", \"message\": \"Your request is not integer\"}",          "type": "json"        }      ]    },    "filename": "api/controllers/MemberController.js",    "groupTitle": "Member"  },  {    "type": "get",    "url": "/getMember/:memberid",    "title": "Get member info by id",    "sampleRequest": [      {        "url": "http://api.member.id:1337/v1/member/getMember/1111"      }    ],    "name": "get_member_info_by_id",    "group": "Member",    "version": "1.0.0",    "parameter": {      "fields": {        "Parameter": [          {            "group": "Parameter",            "type": "<p>Number</p> ",            "optional": false,            "field": "memberid",            "description": "<p>Member unique ID.</p> "          }        ]      }    },    "success": {      "fields": {        "Success 200": [          {            "group": "Success 200",            "type": "<p>String</p> ",            "optional": false,            "field": "firstname",            "description": "<p>Firstname of the User.</p> "          },          {            "group": "Success 200",            "type": "<p>String</p> ",            "optional": false,            "field": "lastname",            "description": "<p>Lastname of the User.</p> "          },          {            "group": "Success 200",            "type": "<p>Boolean</p> ",            "optional": false,            "field": "status",            "description": "<p>Status of the User.</p> "          },          {            "group": "Success 200",            "type": "<p>String</p> ",            "optional": false,            "field": "email",            "description": "<p>Email of the User.</p> "          },          {            "group": "Success 200",            "type": "<p>Number</p> ",            "optional": false,            "field": "cardnumber",            "description": "<p>Card Number of the User.</p> "          },          {            "group": "Success 200",            "type": "<p>String</p> ",            "optional": false,            "field": "cardnumberdata",            "description": "<p>Card Number Data of the User.</p> "          },          {            "group": "Success 200",            "type": "<p>Number</p> ",            "optional": false,            "field": "points",            "description": "<p>Points of the User.</p> "          },          {            "group": "Success 200",            "type": "<p>Date</p> ",            "optional": false,            "field": "expiredate",            "description": "<p>Expire Date of the User.</p> "          },          {            "group": "Success 200",            "type": "<p>Boolean</p> ",            "optional": false,            "field": "active",            "description": "<p>Active of the User.</p> "          },          {            "group": "Success 200",            "type": "<p>String</p> ",            "optional": false,            "field": "membertype",            "description": "<p>Member type of the User.</p> "          },          {            "group": "Success 200",            "type": "<p>String</p> ",            "optional": false,            "field": "picture",            "description": "<p>Profile picture of the User.</p> "          }        ]      },      "examples": [        {          "title": "Success-Response:",          "content": "  HTTP/1.1 200 OK\n\n{\n    \"cardnumber\": \"88885454\",\n    \"cardnumberdata\": \"%88885454^KIKI UTARA^1?-disbaled\",\n    \"firstname\": \"Kiki Utara\",\n    \"lastname\": \" \",\n    \"email\": \"lukluk10002114@gmail.com\",\n    \"membertype\": \"\",\n    \"expiredate\": \"\",\n    \"active\": true,\n    \"points\": \"\",\n\n    \"picture\": \"\",\n    \"status\": \"verified\"\n }",          "type": "json"        }      ]    },    "error": {      "fields": {        "Error 4xx": [          {            "group": "Error 4xx",            "optional": false,            "field": "ParamRequestIsNotInteger",            "description": ""          }        ]      },      "examples": [        {          "title": "Error-Response:",          "content": "HTTP/1.1 200 OK\n {\"error\":\"true\", \"message\": \"Your request is not integer\"}",          "type": "json"        }      ]    },    "filename": "api/controllers/MemberController.js",    "groupTitle": "Member"  },  {    "type": "post",    "url": "/v1/transactions/",    "title": "post Transactions data",    "name": "Post_transactions",    "sampleRequest": [      {        "url": "http://api.member.id:1337/v1/transactions"      }    ],    "group": "Transactions",    "version": "1.0.0",    "parameter": {      "fields": {        "Parameter": [          {            "group": "Parameter",            "type": "<p>Number</p> ",            "optional": false,            "field": "memberid",            "description": "<p>Member unique ID.</p> "          },          {            "group": "Parameter",            "type": "<p>Number</p> ",            "optional": false,            "field": "SalesNo",            "description": "<p>Sales Number.</p> "          },          {            "group": "Parameter",            "type": "<p>String</p> ",            "optional": false,            "field": "Outlet",            "description": "<p>Outlet ID.</p> "          },          {            "group": "Parameter",            "type": "<p>Number</p> ",            "optional": false,            "field": "Subtotal",            "description": "<p>Subtotal amount plus discount without any tax.</p> "          },          {            "group": "Parameter",            "type": "<p>String</p> ",            "optional": false,            "field": "productID_0",            "description": "<p>item product id</p> "          },          {            "group": "Parameter",            "type": "<p>String</p> ",            "optional": false,            "field": "productName_0",            "description": "<p>item product name</p> "          },          {            "group": "Parameter",            "type": "<p>String</p> ",            "optional": false,            "field": "productQty_0",            "description": "<p>item product qty</p> "          },          {            "group": "Parameter",            "type": "<p>String</p> ",            "optional": false,            "field": "productPrice_0",            "description": "<p>item product price</p> "          },          {            "group": "Parameter",            "type": "<p>String</p> ",            "optional": false,            "field": "productID_1",            "description": "<p>item product id</p> "          },          {            "group": "Parameter",            "type": "<p>String</p> ",            "optional": false,            "field": "productName_1",            "description": "<p>item product name</p> "          },          {            "group": "Parameter",            "type": "<p>String</p> ",            "optional": false,            "field": "productQty_1",            "description": "<p>item product qty</p> "          },          {            "group": "Parameter",            "type": "<p>String</p> ",            "optional": false,            "field": "productPrice_1",            "description": "<p>item product price</p> "          },          {            "group": "Parameter",            "type": "<p>String</p> ",            "optional": false,            "field": "productID_N",            "description": "<p>item product id</p> "          },          {            "group": "Parameter",            "type": "<p>String</p> ",            "optional": false,            "field": "productName_N",            "description": "<p>item product name</p> "          },          {            "group": "Parameter",            "type": "<p>String</p> ",            "optional": false,            "field": "productQty_N",            "description": "<p>item product qty</p> "          },          {            "group": "Parameter",            "type": "<p>String</p> ",            "optional": false,            "field": "productPrice_N",            "description": "<p>item product price</p> "          }        ]      },      "examples": [        {          "title": "Request-Example:",          "content": "{\"memberid\": \"1111\", \"SalesNo\": \"4321\", \"Outlet\":  \"banana\", \"Subtotal\": \"50000\",\n\"productID_0\": \"ai123\", \"productName_0\":\"saba\", \"productQty_0\":10, \"productPrice_0\":20000,\n\"productID_1\": \"ai123\", \"productName_1\":\"raja\", \"productQty_1\":20, \"productPrice_1\":30000,\n\"token\": \"edb98dbf-1b1d-4eef-b588-5648e80c6a85\"}",          "type": "json"        }      ]    },    "success": {      "fields": {        "Success 200": [          {            "group": "Success 200",            "type": "<p>String</p> ",            "optional": false,            "field": "transId",            "description": "<p>Transaction Id</p> "          },          {            "group": "Success 200",            "type": "<p>Datetime</p> ",            "optional": false,            "field": "createdAt",            "description": "<p>Date time of transaction</p> "          },          {            "group": "Success 200",            "type": "<p>Number</p> ",            "optional": false,            "field": "points",            "description": "<p>earned points per transaction</p> "          },          {            "group": "Success 200",            "type": "<p>String</p> ",            "optional": false,            "field": "message",            "description": "<p>custom message</p> "          }        ]      },      "examples": [        {          "title": "Success-Response:",          "content": "    HTTP/1.1 200 OK\n{\n    \"transId\": 4321,\n     \"createdAt\": \"2015-08-06T06:44:55.895Z\",\n     \"message\": \"Success \"\n }",          "type": "json"        }      ]    },    "error": {      "examples": [        {          "title": "Error-Response:",          "content": "HTTP/1.1 200 OK\n{\n\"error\": \"true\",\n \"message\": \"Your format data for transaction detail may wrong\"\n }",          "type": "json"        }      ]    },    "filename": "api/controllers/TransactionsController.js",    "groupTitle": "Transactions"  }]